{
    "dataset": "fetaqa",
    "timestamp": "2024-10-10T03-55-11",
    "table_count": 10330,
    "evaluation_time": 0.018542766571044922,
    "bc1_time": 0.009695291519165039,
    "bc2_time": 0.008847475051879883
}