{
    "dataset": "fetaqa",
    "timestamp": "2024-10-10T03-55-15",
    "table_count": 10330,
    "evaluation_time": 0.018346309661865234,
    "bc1_time": 0.009530305862426758,
    "bc2_time": 0.008816003799438477
}