{
    "dataset": "fetaqa",
    "timestamp": "2024-10-10T03-55-20",
    "table_count": 10330,
    "evaluation_time": 0.023024559020996094,
    "bc1_time": 0.012828588485717773,
    "bc2_time": 0.01019597053527832
}