{
    "dataset": "fetaqa",
    "timestamp": "2024-10-10T03-55-22",
    "table_count": 10330,
    "evaluation_time": 0.01856398582458496,
    "bc1_time": 0.009668827056884766,
    "bc2_time": 0.008895158767700195
}