{
    "dataset": "adventure",
    "timestamp": "2024-10-11T09-00-35",
    "results": {
        "BC1_query_index": {
            "query_count": 50,
            "time": 2076.619829893112
        },
        "BC2_query_index": {
            "query_count": 50,
            "time": 2071.7677285671234
        },
        "query_index": {
            "query_count": 100,
            "time": 4148.387558460236
        }
    }
}