{
    "dataset": "fetaqa",
    "benchmark_type": "content",
    "timestamp": "2024-10-10T06-10-32",
    "results": {
        "BC2_query_index": {
            "query_count": 50,
            "time": 4.258548736572266,
            "query_throughput": 11.74108906412219
        },
        "BC1_query_index": {
            "query_count": 50,
            "time": 4.2129576206207275,
            "query_throughput": 11.868146917801921
        },
        "query_index": {
            "query_count": 100,
            "time": 8.471506357192993
        },
        "query_throughput": 11.804276097260072
    },
    "responses": {}
}