{
    "dataset": "fetaqa",
    "benchmark_type": "content",
    "timestamp": "2024-10-05T11-23-49",
    "results": {
        "BC1_query_index": {
            "query_count": 50,
            "time": 32.76041007041931,
            "query_throughput": 1.5262324217713932
        },
        "BC2_query_index": {
            "query_count": 50,
            "time": 18.918320417404175,
            "query_throughput": 2.6429407524994555
        },
        "query_index": {
            "query_count": 100,
            "time": 51.678730487823486
        },
        "query_throughput": 1.9350320539232662
    },
    "responses": {}
}