{
    "dataset": "fetaqa",
    "benchmark_type": "content",
    "timestamp": "2024-10-07T16-12-38",
    "results": {
        "BC2_query_index": {
            "query_count": 50,
            "time": 19.237195253372192,
            "query_throughput": 2.5991314919587993
        },
        "BC1_query_index": {
            "query_count": 50,
            "time": 18.91095781326294,
            "query_throughput": 2.6439697287534103
        },
        "query_index": {
            "query_count": 100,
            "time": 38.14815306663513
        },
        "query_throughput": 2.6213588853259924
    },
    "responses": {}
}