{
    "dataset": "fetaqa",
    "benchmark_type": "content",
    "timestamp": "2024-10-07T16-14-28",
    "results": {
        "BC2_query_index": {
            "query_count": 50,
            "time": 18.736231327056885,
            "query_throughput": 2.6686263169581648
        },
        "BC1_query_index": {
            "query_count": 50,
            "time": 18.664925813674927,
            "query_throughput": 2.678821255392685
        },
        "query_index": {
            "query_count": 100,
            "time": 37.40115714073181
        },
        "query_throughput": 2.6737140678221096
    },
    "responses": {}
}