{
    "dataset": "fetaqa",
    "benchmark_type": "content",
    "timestamp": "2024-10-07T16-19-10",
    "results": {
        "BC2_query_index": {
            "query_count": 50,
            "time": 19.497435808181763,
            "query_throughput": 2.564439780282203
        },
        "BC1_query_index": {
            "query_count": 50,
            "time": 18.860473155975342,
            "query_throughput": 2.651046958711059
        },
        "query_index": {
            "query_count": 100,
            "time": 38.357908964157104
        },
        "query_throughput": 2.6070242800107613
    },
    "responses": {}
}