{
    "dataset": "fetaqa",
    "benchmark_type": "content",
    "timestamp": "2024-10-14T03-15-10",
    "results": {
        "BC2_query_index": {
            "query_count": 50,
            "time": 24.23021388053894,
            "query_throughput": 2.0635393581960355
        },
        "BC1_query_index": {
            "query_count": 50,
            "time": 23.917701959609985,
            "query_throughput": 2.0905018418757537
        },
        "query_index": {
            "query_count": 100,
            "time": 48.147915840148926
        },
        "query_throughput": 2.0769330978312746
    },
    "responses": {}
}