{
    "dataset": "fetaqa",
    "benchmark_type": "content",
    "timestamp": "2024-10-07T16-21-05",
    "results": {
        "BC2_query_index": {
            "query_count": 50,
            "time": 19.533182859420776,
            "query_throughput": 2.5597466813190253
        },
        "BC1_query_index": {
            "query_count": 50,
            "time": 19.231395721435547,
            "query_throughput": 2.59991530122119
        },
        "query_index": {
            "query_count": 100,
            "time": 38.76457858085632
        },
        "query_throughput": 2.579674632381647
    },
    "responses": {}
}