{
    "dataset": "fetaqa",
    "benchmark_type": "content",
    "timestamp": "2024-10-14T03-09-59",
    "results": {
        "BC2_query_index": {
            "query_count": 50,
            "time": 24.00979256629944,
            "query_throughput": 2.082483630874049
        },
        "BC1_query_index": {
            "query_count": 50,
            "time": 24.070005893707275,
            "query_throughput": 2.077274107069152
        },
        "query_index": {
            "query_count": 100,
            "time": 48.079798460006714
        },
        "query_throughput": 2.0798756068659703
    },
    "responses": {}
}