{
    "dataset": "fetaqa",
    "benchmark_type": "content",
    "timestamp": "2024-10-07T16-18-14",
    "results": {
        "BC2_query_index": {
            "query_count": 50,
            "time": 18.918492317199707,
            "query_throughput": 2.6429167378492737
        },
        "BC1_query_index": {
            "query_count": 50,
            "time": 18.860934257507324,
            "query_throughput": 2.6509821474033406
        },
        "query_index": {
            "query_count": 100,
            "time": 37.77942657470703
        },
        "query_throughput": 2.646943298682809
    },
    "responses": {}
}