{
    "dataset": "fetaqa",
    "benchmark_type": "content",
    "timestamp": "2024-10-14T03-08-57",
    "results": {
        "BC2_query_index": {
            "query_count": 50,
            "time": 23.879091262817383,
            "query_throughput": 2.093882026317141
        },
        "BC1_query_index": {
            "query_count": 50,
            "time": 23.322754383087158,
            "query_throughput": 2.1438291197826205
        },
        "query_index": {
            "query_count": 100,
            "time": 47.20184564590454
        },
        "query_throughput": 2.1185612264014613
    },
    "responses": {}
}