{
    "dataset": "fetaqa",
    "benchmark_type": "content",
    "timestamp": "2024-10-05T11-19-58",
    "results": {
        "BC1_query_index": {
            "query_count": 50,
            "time": 32.58502912521362,
            "query_throughput": 1.5344469942888905
        },
        "BC2_query_index": {
            "query_count": 50,
            "time": 19.140703201293945,
            "query_throughput": 2.6122342253663864
        },
        "query_index": {
            "query_count": 100,
            "time": 51.72573232650757
        },
        "query_throughput": 1.9332737402106073
    },
    "responses": {}
}