{
    "dataset": "fetaqa",
    "benchmark_type": "content",
    "timestamp": "2024-10-05T11-21-56",
    "results": {
        "BC1_query_index": {
            "query_count": 50,
            "time": 32.706918716430664,
            "query_throughput": 1.528728537026081
        },
        "BC2_query_index": {
            "query_count": 50,
            "time": 19.567805290222168,
            "query_throughput": 2.5552175759324673
        },
        "query_index": {
            "query_count": 100,
            "time": 52.27472400665283
        },
        "query_throughput": 1.9129704058748034
    },
    "responses": {}
}