{
    "dataset": "fetaqa",
    "benchmark_type": "content",
    "timestamp": "2024-10-14T03-06-54",
    "results": {
        "BC2_query_index": {
            "query_count": 50,
            "time": 23.75588345527649,
            "query_throughput": 2.1047417619357933
        },
        "BC1_query_index": {
            "query_count": 50,
            "time": 24.469825744628906,
            "query_throughput": 2.043332899948212
        },
        "query_index": {
            "query_count": 100,
            "time": 48.225709199905396
        },
        "query_throughput": 2.073582776885242
    },
    "responses": {}
}