{
    "dataset": "fetaqa",
    "benchmark_type": "content",
    "timestamp": "2024-10-05T11-22-53",
    "results": {
        "BC1_query_index": {
            "query_count": 50,
            "time": 32.134164810180664,
            "query_throughput": 1.555976335322682
        },
        "BC2_query_index": {
            "query_count": 50,
            "time": 18.934830904006958,
            "query_throughput": 2.640636203908168
        },
        "query_index": {
            "query_count": 100,
            "time": 51.06899571418762
        },
        "query_throughput": 1.9581352364878934
    },
    "responses": {}
}