{
    "dataset": "fetaqa",
    "benchmark_type": "content",
    "timestamp": "2024-10-07T16-17-18",
    "results": {
        "BC2_query_index": {
            "query_count": 50,
            "time": 18.918971300125122,
            "query_throughput": 2.642849825543597
        },
        "BC1_query_index": {
            "query_count": 50,
            "time": 18.88725781440735,
            "query_throughput": 2.6472874194505676
        },
        "query_index": {
            "query_count": 100,
            "time": 37.80622911453247
        },
        "query_throughput": 2.645066761275079
    },
    "responses": {}
}