{
    "dataset": "fetaqa",
    "benchmark_type": "content",
    "timestamp": "2024-10-14T03-13-08",
    "results": {
        "BC2_query_index": {
            "query_count": 50,
            "time": 24.013805627822876,
            "query_throughput": 2.0821356171080603
        },
        "BC1_query_index": {
            "query_count": 50,
            "time": 23.50786852836609,
            "query_throughput": 2.1269474065531218
        },
        "query_index": {
            "query_count": 100,
            "time": 47.521674156188965
        },
        "query_throughput": 2.1043029686060954
    },
    "responses": {}
}