{
    "dataset": "fetaqa",
    "benchmark_type": "content",
    "timestamp": "2024-10-12T12-10-59",
    "results": {
        "BC2_query_index": {
            "query_count": 50,
            "time": 15.729866981506348,
            "query_throughput": 3.1786664222135603
        },
        "BC1_query_index": {
            "query_count": 50,
            "time": 15.414643049240112,
            "query_throughput": 3.243669012657729
        },
        "query_index": {
            "query_count": 100,
            "time": 31.14451003074646
        },
        "query_throughput": 3.210838761029731
    },
    "responses": {}
}