{
    "dataset": "fetaqa",
    "benchmark_type": "content",
    "timestamp": "2024-10-12T12-10-14",
    "results": {
        "BC2_query_index": {
            "query_count": 50,
            "time": 15.883909940719604,
            "query_throughput": 3.1478395550343192
        },
        "BC1_query_index": {
            "query_count": 50,
            "time": 15.466383934020996,
            "query_throughput": 3.2328177170111703
        },
        "query_index": {
            "query_count": 100,
            "time": 31.3502938747406
        },
        "query_throughput": 3.1897627626569554
    },
    "responses": {}
}