{
    "dataset": "fetaqa",
    "benchmark_type": "content",
    "timestamp": "2024-10-14T03-11-02",
    "results": {
        "BC2_query_index": {
            "query_count": 50,
            "time": 25.321175813674927,
            "query_throughput": 1.9746318404770546
        },
        "BC1_query_index": {
            "query_count": 50,
            "time": 23.4992835521698,
            "query_throughput": 2.127724442704691
        },
        "query_index": {
            "query_count": 100,
            "time": 48.82045936584473
        },
        "query_throughput": 2.048321570484054
    },
    "responses": {}
}