{
    "dataset": "fetaqa",
    "benchmark_type": "content",
    "timestamp": "2024-10-07T16-15-24",
    "results": {
        "BC2_query_index": {
            "query_count": 50,
            "time": 19.068897008895874,
            "query_throughput": 2.6220709030351563
        },
        "BC1_query_index": {
            "query_count": 50,
            "time": 18.853025913238525,
            "query_throughput": 2.6520941640933184
        },
        "query_index": {
            "query_count": 100,
            "time": 37.9219229221344
        },
        "query_throughput": 2.636997079639958
    },
    "responses": {}
}