{
    "dataset": "fetaqa",
    "benchmark_type": "content",
    "timestamp": "2024-10-12T12-09-29",
    "results": {
        "BC2_query_index": {
            "query_count": 50,
            "time": 16.449776649475098,
            "query_throughput": 3.0395549474889356
        },
        "BC1_query_index": {
            "query_count": 50,
            "time": 15.956257581710815,
            "query_throughput": 3.133566862025992
        },
        "query_index": {
            "query_count": 100,
            "time": 32.40603423118591
        },
        "query_throughput": 3.085845040050137
    },
    "responses": {}
}