{
    "dataset": "fetaqa",
    "benchmark_type": "content",
    "timestamp": "2024-10-12T12-11-44",
    "results": {
        "BC2_query_index": {
            "query_count": 50,
            "time": 15.728053569793701,
            "query_throughput": 3.1790329158101813
        },
        "BC1_query_index": {
            "query_count": 50,
            "time": 15.341395616531372,
            "query_throughput": 3.2591558975326653
        },
        "query_index": {
            "query_count": 100,
            "time": 31.069449186325073
        },
        "query_throughput": 3.2185958431478747
    },
    "responses": {}
}