{
    "dataset": "fetaqa",
    "benchmark_type": "content",
    "timestamp": "2024-10-14T03-12-06",
    "results": {
        "BC2_query_index": {
            "query_count": 50,
            "time": 24.53868556022644,
            "query_throughput": 2.0375989527753093
        },
        "BC1_query_index": {
            "query_count": 50,
            "time": 24.989057540893555,
            "query_throughput": 2.0008757800560137
        },
        "query_index": {
            "query_count": 100,
            "time": 49.527743101119995
        },
        "query_throughput": 2.0190703985003235
    },
    "responses": {}
}