{
    "dataset": "fetaqa",
    "timestamp": "2024-10-10T03-54-18",
    "table_count": 5000,
    "evaluation_time": 0.01688361167907715,
    "bc1_time": 0.008642435073852539,
    "bc2_time": 0.00824117660522461
}