{
    "dataset": "fetaqa",
    "timestamp": "2024-10-10T03-54-14",
    "table_count": 5000,
    "evaluation_time": 0.023617982864379883,
    "bc1_time": 0.015233516693115234,
    "bc2_time": 0.008384466171264648
}