{
    "dataset": "fetaqa",
    "timestamp": "2024-10-10T03-54-17",
    "table_count": 5000,
    "evaluation_time": 0.016805648803710938,
    "bc1_time": 0.008589982986450195,
    "bc2_time": 0.008215665817260742
}