{
    "dataset": "fetaqa_10330",
    "timestamp": "2024-09-27T02-59-32",
    "results": {
        "BC1_query_index": {
            "query_count": 50,
            "time": 574.674453496933
        },
        "BC2_query_index": {
            "query_count": 50,
            "time": 587.3694455623627
        },
        "query_index": {
            "query_count": 100,
            "time": 1162.0438990592957
        }
    }
}