{
    "dataset": "fetaqa_625",
    "timestamp": "2024-09-26T13-59-02",
    "results": {
        "BC1_query_index": {
            "query_count": 50,
            "time": 329.5173091888428
        },
        "BC2_query_index": {
            "query_count": 50,
            "time": 325.46783924102783
        },
        "query_index": {
            "query_count": 100,
            "time": 654.9851484298706
        }
    }
}