{
    "dataset": "fetaqa_625",
    "timestamp": "2024-09-26T14-35-36",
    "results": {
        "BC1_query_index": {
            "query_count": 50,
            "time": 331.97394609451294
        },
        "BC2_query_index": {
            "query_count": 50,
            "time": 325.97603154182434
        },
        "query_index": {
            "query_count": 100,
            "time": 657.9499776363373
        }
    }
}