{
    "dataset": "fetaqa",
    "timestamp": "2024-10-10T03-58-31",
    "table_count": 1250,
    "evaluation_time": 0.017874956130981445,
    "bc1_time": 0.009447097778320312,
    "bc2_time": 0.008427858352661133
}