{
    "dataset": "fetaqa",
    "timestamp": "2024-10-10T03-58-22",
    "table_count": 1250,
    "evaluation_time": 0.01556706428527832,
    "bc1_time": 0.00804901123046875,
    "bc2_time": 0.00751805305480957
}