{
    "dataset": "fetaqa",
    "timestamp": "2024-10-10T03-58-20",
    "table_count": 1250,
    "evaluation_time": 0.015284299850463867,
    "bc1_time": 0.007797956466674805,
    "bc2_time": 0.0074863433837890625
}