{
    "dataset": "fetaqa_625",
    "timestamp": "2024-09-26T13-22-41",
    "results": {
        "BC1_query_index": {
            "query_count": 50,
            "time": 330.1756615638733
        },
        "BC2_query_index": {
            "query_count": 50,
            "time": 327.22350215911865
        },
        "query_index": {
            "query_count": 100,
            "time": 657.399163722992
        }
    }
}