{
    "dataset": "fetaqa_2500",
    "timestamp": "2024-09-28T04-45-52",
    "results": {
        "BC1_query_index": {
            "query_count": 50,
            "time": 376.3762638568878
        },
        "BC2_query_index": {
            "query_count": 50,
            "time": 369.166396856308
        },
        "query_index": {
            "query_count": 100,
            "time": 745.5426607131958
        }
    }
}