{
    "dataset": "fetaqa",
    "timestamp": "2024-10-10T03-54-19",
    "table_count": 5000,
    "evaluation_time": 0.021592140197753906,
    "bc1_time": 0.013089179992675781,
    "bc2_time": 0.008502960205078125
}