{
    "dataset": "fetaqa",
    "timestamp": "2024-10-10T03-54-29",
    "table_count": 5000,
    "evaluation_time": 0.01670360565185547,
    "bc1_time": 0.008589506149291992,
    "bc2_time": 0.008114099502563477
}