{
    "dataset": "fetaqa",
    "timestamp": "2024-10-10T03-54-30",
    "table_count": 5000,
    "evaluation_time": 0.020419597625732422,
    "bc1_time": 0.011895179748535156,
    "bc2_time": 0.008524417877197266
}