{
    "dataset": "fetaqa_2500",
    "timestamp": "2024-09-28T05-33-04",
    "results": {
        "BC1_query_index": {
            "query_count": 50,
            "time": 372.4986128807068
        },
        "BC2_query_index": {
            "query_count": 50,
            "time": 366.4790587425232
        },
        "query_index": {
            "query_count": 100,
            "time": 738.97767162323
        }
    }
}