{
    "dataset": "fetaqa",
    "benchmark_type": "content",
    "timestamp": "2024-10-10T06-14-56",
    "results": {
        "BC2_query_index": {
            "query_count": 50,
            "time": 6.115963697433472,
            "query_throughput": 8.175326485502556
        },
        "BC1_query_index": {
            "query_count": 50,
            "time": 5.818009376525879,
            "query_throughput": 8.594004712631902
        },
        "query_index": {
            "query_count": 100,
            "time": 11.93397307395935
        },
        "query_throughput": 8.379439050202487
    },
    "responses": {}
}