{
    "dataset": "fetaqa",
    "timestamp": "2024-10-10T03-59-08",
    "table_count": 1250,
    "evaluation_time": 0.015342950820922852,
    "bc1_time": 0.007887840270996094,
    "bc2_time": 0.007455110549926758
}