{
    "dataset": "fetaqa",
    "timestamp": "2024-10-10T03-59-05",
    "table_count": 1250,
    "evaluation_time": 0.015497922897338867,
    "bc1_time": 0.007935762405395508,
    "bc2_time": 0.007562160491943359
}