{
    "dataset": "fetaqa",
    "timestamp": "2024-10-10T03-59-13",
    "table_count": 1250,
    "evaluation_time": 0.01579570770263672,
    "bc1_time": 0.00807952880859375,
    "bc2_time": 0.007716178894042969
}