{
    "dataset": "fetaqa_625",
    "timestamp": "2024-09-26T14-47-54",
    "results": {
        "BC1_query_index": {
            "query_count": 50,
            "time": 333.5279459953308
        },
        "BC2_query_index": {
            "query_count": 50,
            "time": 332.64511489868164
        },
        "query_index": {
            "query_count": 100,
            "time": 666.1730608940125
        }
    }
}