{
    "dataset": "fetaqa_625",
    "timestamp": "2024-09-26T15-00-09",
    "results": {
        "BC1_query_index": {
            "query_count": 50,
            "time": 334.3428761959076
        },
        "BC2_query_index": {
            "query_count": 50,
            "time": 327.76627373695374
        },
        "query_index": {
            "query_count": 100,
            "time": 662.1091499328613
        }
    }
}