{
    "dataset": "fetaqa_625",
    "timestamp": "2024-09-26T13-34-41",
    "results": {
        "BC1_query_index": {
            "query_count": 50,
            "time": 327.81219124794006
        },
        "BC2_query_index": {
            "query_count": 50,
            "time": 323.0704896450043
        },
        "query_index": {
            "query_count": 100,
            "time": 650.8826808929443
        }
    }
}