{
    "dataset": "fetaqa",
    "timestamp": "2024-10-10T03-59-10",
    "table_count": 1250,
    "evaluation_time": 0.015577077865600586,
    "bc1_time": 0.008048772811889648,
    "bc2_time": 0.0075283050537109375
}