{
    "dataset": "fetaqa",
    "timestamp": "2024-10-10T03-59-07",
    "table_count": 1250,
    "evaluation_time": 0.016362428665161133,
    "bc1_time": 0.008518695831298828,
    "bc2_time": 0.007843732833862305
}