{
    "dataset": "fetaqa",
    "timestamp": "2024-10-10T03-59-16",
    "table_count": 1250,
    "evaluation_time": 0.015511035919189453,
    "bc1_time": 0.007982492446899414,
    "bc2_time": 0.007528543472290039
}