{
    "dataset": "fetaqa",
    "timestamp": "2024-10-10T03-55-23",
    "table_count": 10330,
    "evaluation_time": 0.019954919815063477,
    "bc1_time": 0.00983881950378418,
    "bc2_time": 0.010116100311279297
}