{
    "dataset": "fetaqa",
    "timestamp": "2024-10-10T03-55-09",
    "table_count": 10330,
    "evaluation_time": 0.02487349510192871,
    "bc1_time": 0.015822172164916992,
    "bc2_time": 0.009051322937011719
}