{
    "dataset": "fetaqa",
    "timestamp": "2024-10-10T03-55-12",
    "table_count": 10330,
    "evaluation_time": 0.018556833267211914,
    "bc1_time": 0.009670495986938477,
    "bc2_time": 0.008886337280273438
}