{
    "dataset": "fetaqa_2500",
    "timestamp": "2024-09-28T04-30-01",
    "results": {
        "BC1_query_index": {
            "query_count": 50,
            "time": 361.9339396953583
        },
        "BC2_query_index": {
            "query_count": 50,
            "time": 358.2280058860779
        },
        "query_index": {
            "query_count": 100,
            "time": 720.1619455814362
        }
    }
}