{
    "dataset": "fetaqa_2500",
    "timestamp": "2024-09-28T04-14-36",
    "results": {
        "BC1_query_index": {
            "query_count": 50,
            "time": 363.81499433517456
        },
        "BC2_query_index": {
            "query_count": 50,
            "time": 362.4812729358673
        },
        "query_index": {
            "query_count": 100,
            "time": 726.2962672710419
        }
    }
}