{
    "dataset": "fetaqa_2500",
    "timestamp": "2024-09-28T05-01-32",
    "results": {
        "BC1_query_index": {
            "query_count": 50,
            "time": 367.4566366672516
        },
        "BC2_query_index": {
            "query_count": 50,
            "time": 362.2027361392975
        },
        "query_index": {
            "query_count": 100,
            "time": 729.6593728065491
        }
    }
}