{
    "dataset": "fetaqa",
    "benchmark_type": "content",
    "timestamp": "2024-10-14T02-54-10",
    "results": {
        "BC2_query_index": {
            "query_count": 50,
            "time": 20.697043895721436,
            "query_throughput": 2.4158039308374937
        },
        "BC1_query_index": {
            "query_count": 50,
            "time": 21.126447916030884,
            "query_throughput": 2.3667016906358254
        },
        "query_index": {
            "query_count": 100,
            "time": 41.82349181175232
        },
        "query_throughput": 2.391000743077607
    },
    "responses": {}
}