{
    "dataset": "fetaqa",
    "benchmark_type": "content",
    "timestamp": "2024-10-12T11-58-33",
    "results": {
        "BC2_query_index": {
            "query_count": 50,
            "time": 14.453099250793457,
            "query_throughput": 3.4594656227282923
        },
        "BC1_query_index": {
            "query_count": 50,
            "time": 14.035846710205078,
            "query_throughput": 3.5623073571789847
        },
        "query_index": {
            "query_count": 100,
            "time": 28.488945960998535
        },
        "query_throughput": 3.51013337372679
    },
    "responses": {}
}