{
    "dataset": "fetaqa",
    "benchmark_type": "content",
    "timestamp": "2024-10-14T02-48-39",
    "results": {
        "BC2_query_index": {
            "query_count": 50,
            "time": 20.57838535308838,
            "query_throughput": 2.4297338757190716
        },
        "BC1_query_index": {
            "query_count": 50,
            "time": 20.265321254730225,
            "query_throughput": 2.4672690539425455
        },
        "query_index": {
            "query_count": 100,
            "time": 40.8437066078186
        },
        "query_throughput": 2.4483576125986874
    },
    "responses": {}
}