{
    "dataset": "fetaqa",
    "benchmark_type": "content",
    "timestamp": "2024-10-12T11-55-04",
    "results": {
        "BC2_query_index": {
            "query_count": 50,
            "time": 14.624157667160034,
            "query_throughput": 3.419000337522335
        },
        "BC1_query_index": {
            "query_count": 50,
            "time": 14.218638181686401,
            "query_throughput": 3.516511170837723
        },
        "query_index": {
            "query_count": 100,
            "time": 28.842795848846436
        },
        "query_throughput": 3.467070270304586
    },
    "responses": {}
}