{
    "dataset": "fetaqa",
    "benchmark_type": "content",
    "timestamp": "2024-10-04T05-30-55",
    "results": {
        "BC1_query_index": {
            "query_count": 50,
            "time": 38.32302737236023,
            "query_throughput": 1.3046985958124375
        },
        "BC2_query_index": {
            "query_count": 50,
            "time": 16.829044818878174,
            "query_throughput": 2.9710539450172435
        },
        "query_index": {
            "query_count": 100,
            "time": 55.1520721912384,
            "query_throughput": 2.1378762704148406
        }
    },
    "responses": {}
}