{
    "dataset": "fetaqa",
    "benchmark_type": "content",
    "timestamp": "2024-10-12T11-53-40",
    "results": {
        "BC2_query_index": {
            "query_count": 50,
            "time": 14.49184274673462,
            "query_throughput": 3.450216847768809
        },
        "BC1_query_index": {
            "query_count": 50,
            "time": 13.936428546905518,
            "query_throughput": 3.587719754147639
        },
        "query_index": {
            "query_count": 100,
            "time": 28.428271293640137
        },
        "query_throughput": 3.517625077060933
    },
    "responses": {}
}