{
    "dataset": "fetaqa",
    "benchmark_type": "content",
    "timestamp": "2024-10-14T02-55-06",
    "results": {
        "BC2_query_index": {
            "query_count": 50,
            "time": 22.347736835479736,
            "query_throughput": 2.2373630210562956
        },
        "BC1_query_index": {
            "query_count": 50,
            "time": 20.960917711257935,
            "query_throughput": 2.385391741371391
        },
        "query_index": {
            "query_count": 100,
            "time": 43.30865454673767
        },
        "query_throughput": 2.309007311508197
    },
    "responses": {}
}