{
    "dataset": "fetaqa",
    "benchmark_type": "content",
    "timestamp": "2024-10-05T09-55-39",
    "results": {
        "BC1_query_index": {
            "query_count": 50,
            "time": 27.787448167800903,
            "query_throughput": 1.7993735768057393
        },
        "BC2_query_index": {
            "query_count": 50,
            "time": 16.24631142616272,
            "query_throughput": 3.077621663676904
        },
        "query_index": {
            "query_count": 100,
            "time": 44.03375959396362
        },
        "query_throughput": 2.270984828960835
    },
    "responses": {}
}