{
    "dataset": "fetaqa",
    "benchmark_type": "content",
    "timestamp": "2024-10-07T15-58-31",
    "results": {
        "BC2_query_index": {
            "query_count": 50,
            "time": 16.372751474380493,
            "query_throughput": 3.0538544531283116
        },
        "BC1_query_index": {
            "query_count": 50,
            "time": 16.169339418411255,
            "query_throughput": 3.0922722757039405
        },
        "query_index": {
            "query_count": 100,
            "time": 32.54209089279175
        },
        "query_throughput": 3.072943294561031
    },
    "responses": {}
}