{
    "dataset": "fetaqa",
    "benchmark_type": "content",
    "timestamp": "2024-10-07T16-00-10",
    "results": {
        "BC2_query_index": {
            "query_count": 50,
            "time": 16.694307327270508,
            "query_throughput": 2.99503291869582
        },
        "BC1_query_index": {
            "query_count": 50,
            "time": 16.43559765815735,
            "query_throughput": 3.0421771717673987
        },
        "query_index": {
            "query_count": 100,
            "time": 33.129904985427856
        },
        "query_throughput": 3.018420971746972
    },
    "responses": {}
}