{
    "dataset": "fetaqa",
    "benchmark_type": "content",
    "timestamp": "2024-10-07T16-01-00",
    "results": {
        "BC2_query_index": {
            "query_count": 50,
            "time": 16.339468479156494,
            "query_throughput": 3.0600750608125775
        },
        "BC1_query_index": {
            "query_count": 50,
            "time": 16.10674262046814,
            "query_throughput": 3.104289996939602
        },
        "query_index": {
            "query_count": 100,
            "time": 32.446211099624634
        },
        "query_throughput": 3.082023959375549
    },
    "responses": {}
}