{
    "dataset": "fetaqa",
    "benchmark_type": "content",
    "timestamp": "2024-10-07T16-01-52",
    "results": {
        "BC2_query_index": {
            "query_count": 50,
            "time": 16.6420156955719,
            "query_throughput": 3.004443747358319
        },
        "BC1_query_index": {
            "query_count": 50,
            "time": 18.159071445465088,
            "query_throughput": 2.7534447535028908
        },
        "query_index": {
            "query_count": 100,
            "time": 34.80108714103699
        },
        "query_throughput": 2.8734734519853924
    },
    "responses": {}
}