{
    "dataset": "fetaqa",
    "benchmark_type": "content",
    "timestamp": "2024-10-05T09-54-51",
    "results": {
        "BC1_query_index": {
            "query_count": 50,
            "time": 26.9773108959198,
            "query_throughput": 1.8534093406456713
        },
        "BC2_query_index": {
            "query_count": 50,
            "time": 16.151644945144653,
            "query_throughput": 3.0956599262684077
        },
        "query_index": {
            "query_count": 100,
            "time": 43.12895584106445
        },
        "query_throughput": 2.3186278927899946
    },
    "responses": {}
}