{
    "dataset": "fetaqa",
    "benchmark_type": "content",
    "timestamp": "2024-10-05T09-56-29",
    "results": {
        "BC1_query_index": {
            "query_count": 50,
            "time": 27.933221578598022,
            "query_throughput": 1.7899832949561816
        },
        "BC2_query_index": {
            "query_count": 50,
            "time": 16.13194704055786,
            "query_throughput": 3.0994398800277083
        },
        "query_index": {
            "query_count": 100,
            "time": 44.065168619155884
        },
        "query_throughput": 2.2693661032883985
    },
    "responses": {}
}