{
    "dataset": "fetaqa",
    "benchmark_type": "content",
    "timestamp": "2024-10-14T02-50-30",
    "results": {
        "BC2_query_index": {
            "query_count": 50,
            "time": 20.842626094818115,
            "query_throughput": 2.3989299511749613
        },
        "BC1_query_index": {
            "query_count": 50,
            "time": 20.302344799041748,
            "query_throughput": 2.462769719207998
        },
        "query_index": {
            "query_count": 100,
            "time": 41.14497089385986
        },
        "query_throughput": 2.4304306900098736
    },
    "responses": {}
}