{
    "dataset": "fetaqa",
    "benchmark_type": "content",
    "timestamp": "2024-10-04T05-31-58",
    "results": {
        "BC1_query_index": {
            "query_count": 50,
            "time": 38.360329151153564,
            "query_throughput": 1.3034299002748888
        },
        "BC2_query_index": {
            "query_count": 50,
            "time": 17.191086053848267,
            "query_throughput": 2.9084840738614868
        },
        "query_index": {
            "query_count": 100,
            "time": 55.55141520500183,
            "query_throughput": 2.105956987068188
        }
    },
    "responses": {}
}