{
    "dataset": "fetaqa",
    "benchmark_type": "content",
    "timestamp": "2024-10-05T09-59-45",
    "results": {
        "BC1_query_index": {
            "query_count": 50,
            "time": 28.428257942199707,
            "query_throughput": 1.7588133645635244
        },
        "BC2_query_index": {
            "query_count": 50,
            "time": 16.179306030273438,
            "query_throughput": 3.0903674055267856
        },
        "query_index": {
            "query_count": 100,
            "time": 44.607563972473145
        },
        "query_throughput": 2.2417722712163557
    },
    "responses": {}
}