{
    "dataset": "fetaqa",
    "benchmark_type": "content",
    "timestamp": "2024-10-05T10-00-34",
    "results": {
        "BC1_query_index": {
            "query_count": 50,
            "time": 27.540791749954224,
            "query_throughput": 1.8154888375742904
        },
        "BC2_query_index": {
            "query_count": 50,
            "time": 16.11038064956665,
            "query_throughput": 3.1035889894597206
        },
        "query_index": {
            "query_count": 100,
            "time": 43.651172399520874
        },
        "query_throughput": 2.29088921334671
    },
    "responses": {}
}