{
    "dataset": "fetaqa",
    "benchmark_type": "content",
    "timestamp": "2024-10-07T15-56-52",
    "results": {
        "BC2_query_index": {
            "query_count": 50,
            "time": 16.337143421173096,
            "query_throughput": 3.060510562403432
        },
        "BC1_query_index": {
            "query_count": 50,
            "time": 16.07848620414734,
            "query_throughput": 3.109745492526705
        },
        "query_index": {
            "query_count": 100,
            "time": 32.415629625320435
        },
        "query_throughput": 3.084931594908408
    },
    "responses": {}
}