{
    "dataset": "fetaqa",
    "benchmark_type": "content",
    "timestamp": "2024-10-12T11-57-10",
    "results": {
        "BC2_query_index": {
            "query_count": 50,
            "time": 14.533627271652222,
            "query_throughput": 3.4402973920711997
        },
        "BC1_query_index": {
            "query_count": 50,
            "time": 14.129164457321167,
            "query_throughput": 3.5387796745540747
        },
        "query_index": {
            "query_count": 100,
            "time": 28.66279172897339
        },
        "query_throughput": 3.4888436878573965
    },
    "responses": {}
}