{
    "dataset": "fetaqa",
    "benchmark_type": "content",
    "timestamp": "2024-10-04T05-33-56",
    "results": {
        "BC1_query_index": {
            "query_count": 50,
            "time": 37.381447315216064,
            "query_throughput": 1.3375619081406613
        },
        "BC2_query_index": {
            "query_count": 50,
            "time": 17.025572061538696,
            "query_throughput": 2.936758883594377
        },
        "query_index": {
            "query_count": 100,
            "time": 54.40701937675476,
            "query_throughput": 2.137160395867519
        }
    },
    "responses": {}
}