{
    "dataset": "fetaqa",
    "benchmark_type": "content",
    "timestamp": "2024-10-05T09-58-55",
    "results": {
        "BC1_query_index": {
            "query_count": 50,
            "time": 26.934818267822266,
            "query_throughput": 1.8563332970296147
        },
        "BC2_query_index": {
            "query_count": 50,
            "time": 15.99461817741394,
            "query_throughput": 3.1260514909074346
        },
        "query_index": {
            "query_count": 100,
            "time": 42.929436445236206
        },
        "query_throughput": 2.3294039773284
    },
    "responses": {}
}