{
    "dataset": "fetaqa",
    "benchmark_type": "content",
    "timestamp": "2024-10-14T02-53-15",
    "results": {
        "BC2_query_index": {
            "query_count": 50,
            "time": 21.03923201560974,
            "query_throughput": 2.376512600978175
        },
        "BC1_query_index": {
            "query_count": 50,
            "time": 20.465678215026855,
            "query_throughput": 2.443114734565096
        },
        "query_index": {
            "query_count": 100,
            "time": 41.5049102306366
        },
        "query_throughput": 2.4093534823787093
    },
    "responses": {}
}