{
    "dataset": "fetaqa",
    "benchmark_type": "content",
    "timestamp": "2024-10-12T11-56-27",
    "results": {
        "BC2_query_index": {
            "query_count": 50,
            "time": 14.478421688079834,
            "query_throughput": 3.4534150943514295
        },
        "BC1_query_index": {
            "query_count": 50,
            "time": 14.068934679031372,
            "query_throughput": 3.5539293585974936
        },
        "query_index": {
            "query_count": 100,
            "time": 28.547356367111206
        },
        "query_throughput": 3.502951331605887
    },
    "responses": {}
}