{
    "dataset": "fetaqa",
    "benchmark_type": "content",
    "timestamp": "2024-10-05T10-01-23",
    "results": {
        "BC1_query_index": {
            "query_count": 50,
            "time": 27.603294610977173,
            "query_throughput": 1.811377978776352
        },
        "BC2_query_index": {
            "query_count": 50,
            "time": 16.331834316253662,
            "query_throughput": 3.0615054642232886
        },
        "query_index": {
            "query_count": 100,
            "time": 43.935128927230835
        },
        "query_throughput": 2.276082998769132
    },
    "responses": {}
}