{
    "dataset": "fetaqa",
    "timestamp": "2024-10-10T03-57-57",
    "table_count": 2500,
    "evaluation_time": 0.015892744064331055,
    "bc1_time": 0.008118391036987305,
    "bc2_time": 0.00777435302734375
}