{
    "dataset": "fetaqa_5000",
    "timestamp": "2024-09-26T14-21-28",
    "results": {
        "ingestion": {
            "file_count": 5000,
            "time": 26.52715039253235
        },
        "generate_index": {
            "time": 181.0038845539093
        },
        "BC1_query_index": {
            "query_count": 50,
            "time": 10350.640706062317
        },
        "BC2_query_index": {
            "query_count": 50,
            "time": 9389.320935249329
        },
        "query_index": {
            "query_count": 100,
            "time": 19739.961641311646
        }
    }
}