{
    "dataset": "fetaqa",
    "benchmark_type": "content",
    "timestamp": "2024-10-10T06-24-30",
    "results": {
        "BC2_query_index": {
            "query_count": 50,
            "time": 9.41327691078186,
            "query_throughput": 5.311646568341208
        },
        "BC1_query_index": {
            "query_count": 50,
            "time": 9.242355108261108,
            "query_throughput": 5.409876531935938
        },
        "query_index": {
            "query_count": 100,
            "time": 18.65563201904297
        },
        "query_throughput": 5.360311561566167
    },
    "responses": {}
}