{
    "dataset": "fetaqa",
    "timestamp": "2024-10-10T03-58-04",
    "table_count": 2500,
    "evaluation_time": 0.016642093658447266,
    "bc1_time": 0.008736371994018555,
    "bc2_time": 0.007905721664428711
}