{
    "dataset": "fetaqa",
    "timestamp": "2024-10-10T03-57-54",
    "table_count": 2500,
    "evaluation_time": 0.016679048538208008,
    "bc1_time": 0.008569717407226562,
    "bc2_time": 0.008109331130981445
}