{
    "dataset": "fetaqa",
    "timestamp": "2024-10-10T03-58-01",
    "table_count": 2500,
    "evaluation_time": 0.01584935188293457,
    "bc1_time": 0.008116960525512695,
    "bc2_time": 0.007732391357421875
}