{
    "dataset": "fetaqa",
    "timestamp": "2024-10-10T03-57-55",
    "table_count": 2500,
    "evaluation_time": 0.016032695770263672,
    "bc1_time": 0.008262157440185547,
    "bc2_time": 0.007770538330078125
}