{
    "dataset": "fetaqa",
    "benchmark_type": "content",
    "timestamp": "2024-10-10T06-09-18",
    "results": {
        "BC2_query_index": {
            "query_count": 50,
            "time": 3.5680813789367676,
            "query_throughput": 14.01313330328223
        },
        "BC1_query_index": {
            "query_count": 50,
            "time": 3.3176655769348145,
            "query_throughput": 15.070837864916728
        },
        "query_index": {
            "query_count": 100,
            "time": 6.885746955871582
        },
        "query_throughput": 14.52275267169504
    },
    "responses": {}
}