{
    "dataset": "fetaqa",
    "benchmark_type": "content",
    "timestamp": "2024-10-04T04-39-26",
    "results": {
        "BC1_query_index": {
            "query_count": 50,
            "time": 38.47411751747131,
            "query_throughput": 1.299574966918857
        },
        "BC2_query_index": {
            "query_count": 50,
            "time": 17.019493579864502,
            "query_throughput": 2.937807741774069
        },
        "query_index": {
            "query_count": 100,
            "time": 55.493611097335815,
            "query_throughput": 2.118691354346463
        }
    },
    "responses": {}
}