{
    "dataset": "fetaqa",
    "benchmark_type": "content",
    "timestamp": "2024-10-06T06-10-54",
    "results": {
        "BC1_query_index": {
            "query_count": 50,
            "time": 27.662886381149292,
            "query_throughput": 1.8074758834303062
        },
        "BC2_query_index": {
            "query_count": 50,
            "time": 15.864132404327393,
            "query_throughput": 3.151763911549369
        },
        "query_index": {
            "query_count": 100,
            "time": 43.527018785476685
        },
        "query_throughput": 2.2974235955108924
    },
    "responses": {}
}