{
    "dataset": "fetaqa",
    "benchmark_type": "content",
    "timestamp": "2024-10-14T02-46-51",
    "results": {
        "BC2_query_index": {
            "query_count": 50,
            "time": 20.614910364151,
            "query_throughput": 2.4254289306515346
        },
        "BC1_query_index": {
            "query_count": 50,
            "time": 20.52987575531006,
            "query_throughput": 2.4354750411515513
        },
        "query_index": {
            "query_count": 100,
            "time": 41.14478611946106
        },
        "query_throughput": 2.430441604670319
    },
    "responses": {}
}