{
    "dataset": "fetaqa",
    "benchmark_type": "content",
    "timestamp": "2024-10-14T02-41-26",
    "results": {
        "BC2_query_index": {
            "query_count": 50,
            "time": 20.5190532207489,
            "query_throughput": 2.4367596039684676
        },
        "BC1_query_index": {
            "query_count": 50,
            "time": 20.586984634399414,
            "query_throughput": 2.4287189643331004
        },
        "query_index": {
            "query_count": 100,
            "time": 41.106037855148315
        },
        "query_throughput": 2.4327326402117717
    },
    "responses": {}
}