{
    "dataset": "fetaqa",
    "benchmark_type": "content",
    "timestamp": "2024-10-06T06-16-38",
    "results": {
        "BC1_query_index": {
            "query_count": 50,
            "time": 27.682390689849854,
            "query_throughput": 1.8062023818749593
        },
        "BC2_query_index": {
            "query_count": 50,
            "time": 15.85735273361206,
            "query_throughput": 3.153111420295106
        },
        "query_index": {
            "query_count": 100,
            "time": 43.539743423461914
        },
        "query_throughput": 2.296752165657315
    },
    "responses": {}
}