{
    "dataset": "fetaqa",
    "benchmark_type": "content",
    "timestamp": "2024-10-07T15-47-02",
    "results": {
        "BC2_query_index": {
            "query_count": 50,
            "time": 16.648537397384644,
            "query_throughput": 3.0032668219764824
        },
        "BC1_query_index": {
            "query_count": 50,
            "time": 16.176591873168945,
            "query_throughput": 3.090885916639322
        },
        "query_index": {
            "query_count": 100,
            "time": 32.82512927055359
        },
        "query_throughput": 3.046446494567408
    },
    "responses": {}
}