{
    "dataset": "fetaqa",
    "benchmark_type": "content",
    "timestamp": "2024-10-04T14-52-24",
    "results": {
        "BC1_query_index": {
            "query_count": 50,
            "time": 29.775618314743042,
            "query_throughput": 1.6792262538925378
        },
        "BC2_query_index": {
            "query_count": 50,
            "time": 17.238961696624756,
            "query_throughput": 2.900406699655791
        },
        "query_index": {
            "query_count": 100,
            "time": 47.0145800113678
        },
        "query_throughput": 2.1269997514775354
    },
    "responses": {}
}