{
    "dataset": "fetaqa",
    "benchmark_type": "content",
    "timestamp": "2024-10-04T04-47-16",
    "results": {
        "BC1_query_index": {
            "query_count": 50,
            "time": 38.01608371734619,
            "query_throughput": 1.3152327938815465
        },
        "BC2_query_index": {
            "query_count": 50,
            "time": 16.865267992019653,
            "query_throughput": 2.9646727240657613
        },
        "query_index": {
            "query_count": 100,
            "time": 54.881351709365845,
            "query_throughput": 2.139952758973654
        }
    },
    "responses": {}
}