{
    "dataset": "fetaqa",
    "benchmark_type": "content",
    "timestamp": "2024-10-14T02-39-37",
    "results": {
        "BC2_query_index": {
            "query_count": 50,
            "time": 20.49389624595642,
            "query_throughput": 2.439750811652778
        },
        "BC1_query_index": {
            "query_count": 50,
            "time": 20.563339233398438,
            "query_throughput": 2.431511703059944
        },
        "query_index": {
            "query_count": 100,
            "time": 41.05723547935486
        },
        "query_throughput": 2.4356242896647
    },
    "responses": {}
}