{
    "dataset": "fetaqa",
    "benchmark_type": "content",
    "timestamp": "2024-10-14T10-32-20",
    "results": {
        "BC2_query_index": {
            "query_count": 50,
            "time": 19.854929447174072,
            "query_throughput": 2.518266314319059
        },
        "BC1_query_index": {
            "query_count": 50,
            "time": 19.846801042556763,
            "query_throughput": 2.5192976889719834
        },
        "query_index": {
            "query_count": 100,
            "time": 39.701730489730835
        },
        "query_throughput": 2.5187818960653563
    },
    "responses": {}
}