{
    "dataset": "fetaqa",
    "benchmark_type": "content",
    "timestamp": "2024-10-14T02-40-32",
    "results": {
        "BC2_query_index": {
            "query_count": 50,
            "time": 20.284507036209106,
            "query_throughput": 2.464935426369834
        },
        "BC1_query_index": {
            "query_count": 50,
            "time": 20.36066222190857,
            "query_throughput": 2.4557158040861156
        },
        "query_index": {
            "query_count": 100,
            "time": 40.645169258117676
        },
        "query_throughput": 2.4603169780140095
    },
    "responses": {}
}