{
    "dataset": "fetaqa",
    "benchmark_type": "content",
    "timestamp": "2024-10-06T06-12-34",
    "results": {
        "BC1_query_index": {
            "query_count": 50,
            "time": 30.197094440460205,
            "query_throughput": 1.6557884434406531
        },
        "BC2_query_index": {
            "query_count": 50,
            "time": 15.858059167861938,
            "query_throughput": 3.1529709575892095
        },
        "query_index": {
            "query_count": 100,
            "time": 46.055153608322144
        },
        "query_throughput": 2.1713096616820327
    },
    "responses": {}
}