{
    "dataset": "fetaqa",
    "benchmark_type": "content",
    "timestamp": "2024-10-14T02-47-44",
    "results": {
        "BC2_query_index": {
            "query_count": 50,
            "time": 20.100480318069458,
            "query_throughput": 2.4875027466409434
        },
        "BC1_query_index": {
            "query_count": 50,
            "time": 20.378220796585083,
            "query_throughput": 2.4535998750381016
        },
        "query_index": {
            "query_count": 100,
            "time": 40.47870111465454
        },
        "query_throughput": 2.470435000291966
    },
    "responses": {}
}