{
    "dataset": "fetaqa",
    "benchmark_type": "content",
    "timestamp": "2024-10-06T06-17-26",
    "results": {
        "BC1_query_index": {
            "query_count": 50,
            "time": 26.873234033584595,
            "query_throughput": 1.8605873761793212
        },
        "BC2_query_index": {
            "query_count": 50,
            "time": 15.739197015762329,
            "query_throughput": 3.1767821414222412
        },
        "query_index": {
            "query_count": 100,
            "time": 42.612431049346924
        },
        "query_throughput": 2.3467330433270974
    },
    "responses": {}
}