{
    "dataset": "fetaqa",
    "benchmark_type": "content",
    "timestamp": "2024-10-04T04-44-20",
    "results": {
        "BC1_query_index": {
            "query_count": 50,
            "time": 37.01288056373596,
            "query_throughput": 1.3508810781128018
        },
        "BC2_query_index": {
            "query_count": 50,
            "time": 16.689811944961548,
            "query_throughput": 2.9958396274857004
        },
        "query_index": {
            "query_count": 100,
            "time": 53.70269250869751,
            "query_throughput": 2.173360352799251
        }
    },
    "responses": {}
}