{
    "dataset": "fetaqa",
    "benchmark_type": "content",
    "timestamp": "2024-10-06T06-14-12",
    "results": {
        "BC1_query_index": {
            "query_count": 50,
            "time": 27.21831750869751,
            "query_throughput": 1.8369981900616263
        },
        "BC2_query_index": {
            "query_count": 50,
            "time": 15.84462571144104,
            "query_throughput": 3.1556441225302123
        },
        "query_index": {
            "query_count": 100,
            "time": 43.06294322013855
        },
        "query_throughput": 2.32218219476542
    },
    "responses": {}
}