{
    "dataset": "fetaqa",
    "benchmark_type": "content",
    "timestamp": "2024-10-04T04-42-20",
    "results": {
        "BC1_query_index": {
            "query_count": 50,
            "time": 36.40459322929382,
            "query_throughput": 1.3734530608562414
        },
        "BC2_query_index": {
            "query_count": 50,
            "time": 16.569324493408203,
            "query_throughput": 3.01762452777671
        },
        "query_index": {
            "query_count": 100,
            "time": 52.973917722702026,
            "query_throughput": 2.1955387943164757
        }
    },
    "responses": {}
}