{
    "dataset": "fetaqa",
    "benchmark_type": "content",
    "timestamp": "2024-10-04T14-49-45",
    "results": {
        "BC1_query_index": {
            "query_count": 50,
            "time": 30.659528017044067,
            "query_throughput": 1.6308144069342585
        },
        "BC2_query_index": {
            "query_count": 50,
            "time": 17.43079161643982,
            "query_throughput": 2.868487048680141
        },
        "query_index": {
            "query_count": 100,
            "time": 48.09031963348389
        },
        "query_throughput": 2.0794205728333925
    },
    "responses": {}
}