{
    "dataset": "fetaqa",
    "benchmark_type": "content",
    "timestamp": "2024-10-04T14-55-58",
    "results": {
        "BC1_query_index": {
            "query_count": 50,
            "time": 29.551231861114502,
            "query_throughput": 1.6919768433001725
        },
        "BC2_query_index": {
            "query_count": 50,
            "time": 17.60370683670044,
            "query_throughput": 2.8403108767841636
        },
        "query_index": {
            "query_count": 100,
            "time": 47.15493869781494
        },
        "query_throughput": 2.1206686459892223
    },
    "responses": {}
}