{
    "dataset": "fetaqa",
    "benchmark_type": "content",
    "timestamp": "2024-10-12T11-51-55",
    "results": {
        "BC2_query_index": {
            "query_count": 50,
            "time": 14.079712390899658,
            "query_throughput": 3.5512089034089374
        },
        "BC1_query_index": {
            "query_count": 50,
            "time": 13.809544086456299,
            "query_throughput": 3.6206843388144483
        },
        "query_index": {
            "query_count": 100,
            "time": 27.889256477355957
        },
        "query_throughput": 3.5856101105166682
    },
    "responses": {}
}