{
    "dataset": "fetaqa",
    "benchmark_type": "content",
    "timestamp": "2024-10-07T15-43-45",
    "results": {
        "BC2_query_index": {
            "query_count": 50,
            "time": 16.331209182739258,
            "query_throughput": 3.0616226539334197
        },
        "BC1_query_index": {
            "query_count": 50,
            "time": 15.9728844165802,
            "query_throughput": 3.130305002902226
        },
        "query_index": {
            "query_count": 100,
            "time": 32.30409359931946
        },
        "query_throughput": 3.095582907861147
    },
    "responses": {}
}