{
    "dataset": "fetaqa",
    "benchmark_type": "content",
    "timestamp": "2024-10-04T04-46-16",
    "results": {
        "BC1_query_index": {
            "query_count": 50,
            "time": 36.25617027282715,
            "query_throughput": 1.3790756062692429
        },
        "BC2_query_index": {
            "query_count": 50,
            "time": 16.52653431892395,
            "query_throughput": 3.025437701281797
        },
        "query_index": {
            "query_count": 100,
            "time": 52.7827045917511,
            "query_throughput": 2.2022566537755197
        }
    },
    "responses": {}
}