{
    "dataset": "fetaqa",
    "benchmark_type": "content",
    "timestamp": "2024-10-12T11-51-15",
    "results": {
        "BC2_query_index": {
            "query_count": 50,
            "time": 14.039859294891357,
            "query_throughput": 3.561289251537824
        },
        "BC1_query_index": {
            "query_count": 50,
            "time": 13.890995264053345,
            "query_throughput": 3.5994541103464583
        },
        "query_index": {
            "query_count": 100,
            "time": 27.930854558944702
        },
        "query_throughput": 3.580269976665485
    },
    "responses": {}
}