{
    "dataset": "fetaqa",
    "benchmark_type": "content",
    "timestamp": "2024-10-12T11-46-26",
    "results": {
        "BC2_query_index": {
            "query_count": 50,
            "time": 14.077229022979736,
            "query_throughput": 3.551835373167529
        },
        "BC1_query_index": {
            "query_count": 50,
            "time": 13.78145980834961,
            "query_throughput": 3.6280626795215913
        },
        "query_index": {
            "query_count": 100,
            "time": 27.858688831329346
        },
        "query_throughput": 3.589544382560529
    },
    "responses": {}
}