{
    "dataset": "fetaqa",
    "benchmark_type": "content",
    "timestamp": "2024-10-04T04-43-22",
    "results": {
        "BC1_query_index": {
            "query_count": 50,
            "time": 40.17370629310608,
            "query_throughput": 1.2445951497529653
        },
        "BC2_query_index": {
            "query_count": 50,
            "time": 16.583237409591675,
            "query_throughput": 3.0150928172251947
        },
        "query_index": {
            "query_count": 100,
            "time": 56.756943702697754,
            "query_throughput": 2.12984398348908
        }
    },
    "responses": {}
}