{
    "dataset": "fetaqa",
    "benchmark_type": "content",
    "timestamp": "2024-10-12T11-47-07",
    "results": {
        "BC2_query_index": {
            "query_count": 50,
            "time": 14.12199878692627,
            "query_throughput": 3.540575293512171
        },
        "BC1_query_index": {
            "query_count": 50,
            "time": 13.876633405685425,
            "query_throughput": 3.6031794267559447
        },
        "query_index": {
            "query_count": 100,
            "time": 27.998632192611694
        },
        "query_throughput": 3.5716030451797605
    },
    "responses": {}
}