{
    "dataset": "fetaqa_1250",
    "timestamp": "2024-09-27T08-43-24",
    "results": {
        "BC1_query_index": {
            "query_count": 50,
            "time": 336.1941006183624
        },
        "BC2_query_index": {
            "query_count": 50,
            "time": 328.82372212409973
        },
        "query_index": {
            "query_count": 100,
            "time": 665.0178227424622
        }
    }
}