{
    "dataset": "fetaqa_10330",
    "timestamp": "2024-09-27T20-18-41",
    "results": {
        "BC1_query_index": {
            "query_count": 50,
            "time": 596.2015862464905
        },
        "BC2_query_index": {
            "query_count": 50,
            "time": 601.0146918296814
        },
        "query_index": {
            "query_count": 100,
            "time": 1197.2162780761719
        }
    }
}