{
    "dataset": "fetaqa_10330",
    "timestamp": "2024-09-27T18-38-57",
    "results": {
        "BC1_query_index": {
            "query_count": 50,
            "time": 620.0928943157196
        },
        "BC2_query_index": {
            "query_count": 50,
            "time": 611.5321099758148
        },
        "query_index": {
            "query_count": 100,
            "time": 1231.6250042915344
        }
    }
}