{
    "dataset": "fetaqa",
    "timestamp": "2024-10-10T03-57-52",
    "table_count": 2500,
    "evaluation_time": 0.016105175018310547,
    "bc1_time": 0.00816965103149414,
    "bc2_time": 0.007935523986816406
}