{
    "dataset": "fetaqa",
    "timestamp": "2024-10-10T03-57-50",
    "table_count": 2500,
    "evaluation_time": 0.022620677947998047,
    "bc1_time": 0.014607667922973633,
    "bc2_time": 0.008013010025024414
}