{
    "dataset": "fetaqa",
    "timestamp": "2024-10-10T03-55-14",
    "table_count": 10330,
    "evaluation_time": 0.01843118667602539,
    "bc1_time": 0.009561538696289062,
    "bc2_time": 0.008869647979736328
}