{
    "dataset": "fetaqa",
    "timestamp": "2024-10-10T03-55-19",
    "table_count": 10330,
    "evaluation_time": 0.019371509552001953,
    "bc1_time": 0.009507894515991211,
    "bc2_time": 0.009863615036010742
}