{
    "dataset": "fetaqa",
    "timestamp": "2024-10-10T03-55-17",
    "table_count": 10330,
    "evaluation_time": 0.018462419509887695,
    "bc1_time": 0.009570837020874023,
    "bc2_time": 0.008891582489013672
}