{
    "dataset": "fetaqa",
    "timestamp": "2024-10-10T03-58-28",
    "table_count": 1250,
    "evaluation_time": 0.015331745147705078,
    "bc1_time": 0.007823705673217773,
    "bc2_time": 0.007508039474487305
}