{
    "dataset": "fetaqa",
    "timestamp": "2024-10-10T03-58-26",
    "table_count": 1250,
    "evaluation_time": 0.015600442886352539,
    "bc1_time": 0.007779836654663086,
    "bc2_time": 0.007820606231689453
}