{
    "dataset": "fetaqa",
    "timestamp": "2024-10-10T03-59-15",
    "table_count": 1250,
    "evaluation_time": 0.015890121459960938,
    "bc1_time": 0.00818777084350586,
    "bc2_time": 0.007702350616455078
}