{
    "dataset": "fetaqa",
    "timestamp": "2024-10-10T03-59-18",
    "table_count": 1250,
    "evaluation_time": 0.015604496002197266,
    "bc1_time": 0.008099555969238281,
    "bc2_time": 0.007504940032958984
}