{
    "dataset": "fetaqa",
    "benchmark_type": "content",
    "timestamp": "2024-10-07T16-24-13",
    "results": {
        "BC2_query_index": {
            "query_count": 50,
            "time": 22.27208423614502,
            "query_throughput": 2.24496277357176
        },
        "BC1_query_index": {
            "query_count": 50,
            "time": 22.128405332565308,
            "query_throughput": 2.2595392324279873
        },
        "query_index": {
            "query_count": 100,
            "time": 44.40048956871033
        },
        "query_throughput": 2.2522274184668327
    },
    "responses": {}
}