{
    "dataset": "fetaqa",
    "benchmark_type": "content",
    "timestamp": "2024-10-07T16-23-10",
    "results": {
        "BC2_query_index": {
            "query_count": 50,
            "time": 22.264673948287964,
            "query_throughput": 2.2457099581215623
        },
        "BC1_query_index": {
            "query_count": 50,
            "time": 21.992083311080933,
            "query_throughput": 2.273545406896808
        },
        "query_index": {
            "query_count": 100,
            "time": 44.2567572593689
        },
        "query_throughput": 2.2595419590718113
    },
    "responses": {}
}