{
    "dataset": "fetaqa",
    "benchmark_type": "content",
    "timestamp": "2024-10-14T03-25-25",
    "results": {
        "BC2_query_index": {
            "query_count": 50,
            "time": 27.139573574066162,
            "query_throughput": 1.8423281362010286
        },
        "BC1_query_index": {
            "query_count": 50,
            "time": 26.872074127197266,
            "query_throughput": 1.8606676865852692
        },
        "query_index": {
            "query_count": 100,
            "time": 54.01164770126343
        },
        "query_throughput": 1.8514524969335608
    },
    "responses": {}
}