{
    "dataset": "fetaqa",
    "benchmark_type": "content",
    "timestamp": "2024-10-14T03-21-58",
    "results": {
        "BC2_query_index": {
            "query_count": 50,
            "time": 26.879958152770996,
            "query_throughput": 1.860121943487684
        },
        "BC1_query_index": {
            "query_count": 50,
            "time": 26.791560411453247,
            "query_throughput": 1.866259345559629
        },
        "query_index": {
            "query_count": 100,
            "time": 53.67151856422424
        },
        "query_throughput": 1.8631855903301546
    },
    "responses": {}
}