{
    "dataset": "fetaqa",
    "benchmark_type": "content",
    "timestamp": "2024-10-14T03-20-49",
    "results": {
        "BC2_query_index": {
            "query_count": 50,
            "time": 27.043368101119995,
            "query_throughput": 1.8488821293649906
        },
        "BC1_query_index": {
            "query_count": 50,
            "time": 26.792485237121582,
            "query_throughput": 1.8661949258340504
        },
        "query_index": {
            "query_count": 100,
            "time": 53.83585333824158
        },
        "query_throughput": 1.8574981875315857
    },
    "responses": {}
}