{
    "dataset": "fetaqa",
    "benchmark_type": "content",
    "timestamp": "2024-10-07T16-27-22",
    "results": {
        "BC2_query_index": {
            "query_count": 50,
            "time": 22.462998390197754,
            "query_throughput": 2.225882721953034
        },
        "BC1_query_index": {
            "query_count": 50,
            "time": 22.354766607284546,
            "query_throughput": 2.236659450683191
        },
        "query_index": {
            "query_count": 100,
            "time": 44.8177649974823
        },
        "query_throughput": 2.23125807379323
    },
    "responses": {}
}