{
    "dataset": "fetaqa",
    "benchmark_type": "content",
    "timestamp": "2024-10-04T08-21-52",
    "results": {
        "BC1_query_index": {
            "query_count": 50,
            "time": 44.394304513931274,
            "query_throughput": 1.1262706004169885
        },
        "BC2_query_index": {
            "query_count": 50,
            "time": 22.543943166732788,
            "query_throughput": 2.217890616127131
        },
        "query_index": {
            "query_count": 100,
            "time": 66.93824768066406,
            "query_throughput": 0.6693824768066406
        }
    },
    "responses": {}
}