{
    "dataset": "fetaqa",
    "benchmark_type": "content",
    "timestamp": "2024-10-04T19-12-30",
    "results": {
        "BC1_query_index": {
            "query_count": 50,
            "time": 35.09574484825134,
            "query_throughput": 1.4246741368844682
        },
        "BC2_query_index": {
            "query_count": 50,
            "time": 22.711879014968872,
            "query_throughput": 2.2014911213222894
        },
        "query_index": {
            "query_count": 100,
            "time": 57.807623863220215
        },
        "query_throughput": 1.729875634338682
    },
    "responses": {}
}