{
    "dataset": "fetaqa",
    "benchmark_type": "content",
    "timestamp": "2024-10-04T08-13-25",
    "results": {
        "BC1_query_index": {
            "query_count": 50,
            "time": 45.13693380355835,
            "query_throughput": 1.107740286870312
        },
        "BC2_query_index": {
            "query_count": 50,
            "time": 23.471356630325317,
            "query_throughput": 2.130256072859432
        },
        "query_index": {
            "query_count": 100,
            "time": 68.60829043388367,
            "query_throughput": 0.6860829043388367
        }
    },
    "responses": {}
}