{
    "dataset": "fetaqa",
    "benchmark_type": "content",
    "timestamp": "2024-10-04T19-14-35",
    "results": {
        "BC1_query_index": {
            "query_count": 50,
            "time": 34.80935311317444,
            "query_throughput": 1.436395552581421
        },
        "BC2_query_index": {
            "query_count": 50,
            "time": 22.214019060134888,
            "query_throughput": 2.2508308768731378
        },
        "query_index": {
            "query_count": 100,
            "time": 57.023372173309326
        },
        "query_throughput": 1.7536668946212646
    },
    "responses": {}
}