{
    "dataset": "fetaqa",
    "benchmark_type": "content",
    "timestamp": "2024-10-12T12-15-31",
    "results": {
        "BC2_query_index": {
            "query_count": 50,
            "time": 16.904589653015137,
            "query_throughput": 2.957776617256243
        },
        "BC1_query_index": {
            "query_count": 50,
            "time": 16.645652532577515,
            "query_throughput": 3.0037873193702724
        },
        "query_index": {
            "query_count": 100,
            "time": 33.55024218559265
        },
        "query_throughput": 2.9806044155157427
    },
    "responses": {}
}