{
    "dataset": "fetaqa",
    "benchmark_type": "content",
    "timestamp": "2024-10-04T08-17-00",
    "results": {
        "BC1_query_index": {
            "query_count": 50,
            "time": 43.81000852584839,
            "query_throughput": 1.1412917203725137
        },
        "BC2_query_index": {
            "query_count": 50,
            "time": 22.98804545402527,
            "query_throughput": 2.175043550353032
        },
        "query_index": {
            "query_count": 100,
            "time": 66.79805397987366,
            "query_throughput": 0.6679805397987366
        }
    },
    "responses": {}
}