{
    "dataset": "fetaqa",
    "benchmark_type": "content",
    "timestamp": "2024-10-12T12-18-46",
    "results": {
        "BC2_query_index": {
            "query_count": 50,
            "time": 17.030633449554443,
            "query_throughput": 2.9358860988995157
        },
        "BC1_query_index": {
            "query_count": 50,
            "time": 16.843278884887695,
            "query_throughput": 2.968543140662566
        },
        "query_index": {
            "query_count": 100,
            "time": 33.87391233444214
        },
        "query_throughput": 2.9521243077175505
    },
    "responses": {}
}