{
    "dataset": "fetaqa",
    "benchmark_type": "content",
    "timestamp": "2024-10-07T16-26-20",
    "results": {
        "BC2_query_index": {
            "query_count": 50,
            "time": 22.604195594787598,
            "query_throughput": 2.2119787359975653
        },
        "BC1_query_index": {
            "query_count": 50,
            "time": 22.485897064208984,
            "query_throughput": 2.22361597837186
        },
        "query_index": {
            "query_count": 100,
            "time": 45.09009265899658
        },
        "query_throughput": 2.2177820914290702
    },
    "responses": {}
}