{
    "dataset": "fetaqa",
    "benchmark_type": "content",
    "timestamp": "2024-10-04T19-08-20",
    "results": {
        "BC1_query_index": {
            "query_count": 50,
            "time": 34.44337224960327,
            "query_throughput": 1.4516580907833703
        },
        "BC2_query_index": {
            "query_count": 50,
            "time": 22.917877912521362,
            "query_throughput": 2.1817028692993476
        },
        "query_index": {
            "query_count": 100,
            "time": 57.361250162124634
        },
        "query_throughput": 1.7433371782756146
    },
    "responses": {}
}