{
    "dataset": "fetaqa",
    "benchmark_type": "content",
    "timestamp": "2024-10-04T19-09-21",
    "results": {
        "BC1_query_index": {
            "query_count": 50,
            "time": 33.484461545944214,
            "query_throughput": 1.4932299249129248
        },
        "BC2_query_index": {
            "query_count": 50,
            "time": 21.975847482681274,
            "query_throughput": 2.2752251097212066
        },
        "query_index": {
            "query_count": 100,
            "time": 55.46030902862549
        },
        "query_throughput": 1.8030912872913425
    },
    "responses": {}
}