{
    "dataset": "fetaqa",
    "benchmark_type": "content",
    "timestamp": "2024-10-04T08-12-11",
    "results": {
        "BC1_query_index": {
            "query_count": 50,
            "time": 44.10047388076782,
            "query_throughput": 1.133774664988463
        },
        "BC2_query_index": {
            "query_count": 50,
            "time": 22.743772268295288,
            "query_throughput": 2.198404003090541
        },
        "query_index": {
            "query_count": 100,
            "time": 66.84424614906311,
            "query_throughput": 0.6684424614906311
        }
    },
    "responses": {}
}