{
    "dataset": "fetaqa",
    "benchmark_type": "content",
    "timestamp": "2024-10-04T08-10-57",
    "results": {
        "BC1_query_index": {
            "query_count": 50,
            "time": 48.35106825828552,
            "query_throughput": 1.0341033156269905
        },
        "BC2_query_index": {
            "query_count": 50,
            "time": 22.63519287109375,
            "query_throughput": 2.208949589462189
        },
        "query_index": {
            "query_count": 100,
            "time": 70.98626112937927,
            "query_throughput": 0.7098626112937927
        }
    },
    "responses": {}
}