{
    "dataset": "fetaqa",
    "benchmark_type": "content",
    "timestamp": "2024-10-12T12-19-35",
    "results": {
        "BC2_query_index": {
            "query_count": 50,
            "time": 16.96907353401184,
            "query_throughput": 2.946536821811919
        },
        "BC1_query_index": {
            "query_count": 50,
            "time": 16.749372005462646,
            "query_throughput": 2.985186548110161
        },
        "query_index": {
            "query_count": 100,
            "time": 33.71844553947449
        },
        "query_throughput": 2.965735768659
    },
    "responses": {}
}