{
    "dataset": "fetaqa",
    "benchmark_type": "content",
    "timestamp": "2024-10-04T08-15-48",
    "results": {
        "BC1_query_index": {
            "query_count": 50,
            "time": 43.24113368988037,
            "query_throughput": 1.156306408582932
        },
        "BC2_query_index": {
            "query_count": 50,
            "time": 23.173004388809204,
            "query_throughput": 2.1576831023320477
        },
        "query_index": {
            "query_count": 100,
            "time": 66.41413807868958,
            "query_throughput": 0.6641413807868958
        }
    },
    "responses": {}
}