{
    "dataset": "fetaqa",
    "benchmark_type": "content",
    "timestamp": "2024-10-07T16-30-35",
    "results": {
        "BC2_query_index": {
            "query_count": 50,
            "time": 22.654452323913574,
            "query_throughput": 2.2070716733779094
        },
        "BC1_query_index": {
            "query_count": 50,
            "time": 23.158937215805054,
            "query_throughput": 2.1589937195337696
        },
        "query_index": {
            "query_count": 100,
            "time": 45.81338953971863
        },
        "query_throughput": 2.182767985619214
    },
    "responses": {}
}