{
    "dataset": "fetaqa",
    "benchmark_type": "content",
    "timestamp": "2024-10-04T19-13-32",
    "results": {
        "BC1_query_index": {
            "query_count": 50,
            "time": 34.30097246170044,
            "query_throughput": 1.4576846197532354
        },
        "BC2_query_index": {
            "query_count": 50,
            "time": 22.24302077293396,
            "query_throughput": 2.2478961158388002
        },
        "query_index": {
            "query_count": 100,
            "time": 56.5439932346344
        },
        "query_throughput": 1.7685344504241323
    },
    "responses": {}
}