{
    "dataset": "fetaqa",
    "benchmark_type": "content",
    "timestamp": "2024-10-14T03-27-45",
    "results": {
        "BC2_query_index": {
            "query_count": 50,
            "time": 27.074851989746094,
            "query_throughput": 1.8467321638151972
        },
        "BC1_query_index": {
            "query_count": 50,
            "time": 26.73259210586548,
            "query_throughput": 1.8703760489065835
        },
        "query_index": {
            "query_count": 100,
            "time": 53.80744409561157
        },
        "query_throughput": 1.8584789090206164
    },
    "responses": {}
}