{
    "dataset": "fetaqa",
    "benchmark_type": "content",
    "timestamp": "2024-10-10T06-25-06",
    "results": {
        "BC2_query_index": {
            "query_count": 50,
            "time": 9.513392925262451,
            "query_throughput": 5.255748437261213
        },
        "BC1_query_index": {
            "query_count": 50,
            "time": 9.271831512451172,
            "query_throughput": 5.392677804040641
        },
        "query_index": {
            "query_count": 100,
            "time": 18.785224437713623
        },
        "query_throughput": 5.323332725226207
    },
    "responses": {}
}