{
    "dataset": "fetaqa",
    "benchmark_type": "content",
    "timestamp": "2024-10-10T06-20-14",
    "results": {
        "BC2_query_index": {
            "query_count": 50,
            "time": 9.563315153121948,
            "query_throughput": 5.228312483634661
        },
        "BC1_query_index": {
            "query_count": 50,
            "time": 9.350650787353516,
            "query_throughput": 5.347221400634869
        },
        "query_index": {
            "query_count": 100,
            "time": 18.913965940475464
        },
        "query_throughput": 5.287098449617181
    },
    "responses": {}
}