{
    "dataset": "fetaqa_1250",
    "timestamp": "2024-09-27T07-24-19",
    "results": {
        "BC1_query_index": {
            "query_count": 50,
            "time": 343.6533360481262
        },
        "BC2_query_index": {
            "query_count": 50,
            "time": 333.22940611839294
        },
        "query_index": {
            "query_count": 100,
            "time": 676.8827421665192
        }
    }
}