{
    "dataset": "fetaqa_1250",
    "timestamp": "2024-09-27T08-30-26",
    "results": {
        "BC1_query_index": {
            "query_count": 50,
            "time": 339.244619846344
        },
        "BC2_query_index": {
            "query_count": 50,
            "time": 331.64347529411316
        },
        "query_index": {
            "query_count": 100,
            "time": 670.8880951404572
        }
    }
}