{
    "dataset": "fetaqa_1250",
    "timestamp": "2024-09-27T07-37-33",
    "results": {
        "BC1_query_index": {
            "query_count": 50,
            "time": 345.1514012813568
        },
        "BC2_query_index": {
            "query_count": 50,
            "time": 337.8126411437988
        },
        "query_index": {
            "query_count": 100,
            "time": 682.9640424251556
        }
    }
}