{
    "dataset": "fetaqa",
    "benchmark_type": "content",
    "timestamp": "2024-10-14T03-01-02",
    "results": {
        "BC2_query_index": {
            "query_count": 50,
            "time": 22.006343126296997,
            "query_throughput": 2.2720721799639363
        },
        "BC1_query_index": {
            "query_count": 50,
            "time": 21.660566806793213,
            "query_throughput": 2.308342179869409
        },
        "query_index": {
            "query_count": 100,
            "time": 43.66690993309021
        },
        "query_throughput": 2.2900635779639016
    },
    "responses": {}
}