{
    "dataset": "fetaqa",
    "benchmark_type": "content",
    "timestamp": "2024-10-07T16-08-20",
    "results": {
        "BC2_query_index": {
            "query_count": 50,
            "time": 17.15185260772705,
            "query_throughput": 2.9151369909437417
        },
        "BC1_query_index": {
            "query_count": 50,
            "time": 16.884138584136963,
            "query_throughput": 2.9613592515152742
        },
        "query_index": {
            "query_count": 100,
            "time": 34.035991191864014
        },
        "query_throughput": 2.938066337962388
    },
    "responses": {}
}