{
    "dataset": "fetaqa",
    "benchmark_type": "content",
    "timestamp": "2024-10-06T03-39-30",
    "results": {
        "BC1_query_index": {
            "query_count": 50,
            "time": 31.53584384918213,
            "query_throughput": 1.5854974497946321
        },
        "BC2_query_index": {
            "query_count": 50,
            "time": 17.499373197555542,
            "query_throughput": 2.857245195901326
        },
        "query_index": {
            "query_count": 100,
            "time": 49.03521704673767
        },
        "query_throughput": 2.0393506141654374
    },
    "responses": {}
}