{
    "dataset": "fetaqa",
    "benchmark_type": "content",
    "timestamp": "2024-10-06T03-42-12",
    "results": {
        "BC1_query_index": {
            "query_count": 50,
            "time": 28.672452211380005,
            "query_throughput": 1.7438341035984066
        },
        "BC2_query_index": {
            "query_count": 50,
            "time": 17.383410215377808,
            "query_throughput": 2.8763055913947615
        },
        "query_index": {
            "query_count": 100,
            "time": 46.05586242675781
        },
        "query_throughput": 2.1712762443441163
    },
    "responses": {}
}