{
    "dataset": "fetaqa",
    "benchmark_type": "content",
    "timestamp": "2024-10-07T16-11-41",
    "results": {
        "BC2_query_index": {
            "query_count": 50,
            "time": 16.953972339630127,
            "query_throughput": 2.9491613527718434
        },
        "BC1_query_index": {
            "query_count": 50,
            "time": 16.82856559753418,
            "query_throughput": 2.97113855071084
        },
        "query_index": {
            "query_count": 100,
            "time": 33.78253793716431
        },
        "query_throughput": 2.9601091601229164
    },
    "responses": {}
}