{
    "dataset": "fetaqa",
    "benchmark_type": "content",
    "timestamp": "2024-10-12T12-02-09",
    "results": {
        "BC2_query_index": {
            "query_count": 50,
            "time": 15.280014991760254,
            "query_throughput": 3.272248098379648
        },
        "BC1_query_index": {
            "query_count": 50,
            "time": 15.162244081497192,
            "query_throughput": 3.2976648925613894
        },
        "query_index": {
            "query_count": 100,
            "time": 30.442259073257446
        },
        "query_throughput": 3.28490733093612
    },
    "responses": {}
}