{
    "dataset": "fetaqa",
    "benchmark_type": "content",
    "timestamp": "2024-10-07T16-07-29",
    "results": {
        "BC2_query_index": {
            "query_count": 50,
            "time": 16.99631118774414,
            "query_throughput": 2.9418148119136855
        },
        "BC1_query_index": {
            "query_count": 50,
            "time": 16.90598154067993,
            "query_throughput": 2.9575331003223773
        },
        "query_index": {
            "query_count": 100,
            "time": 33.90229272842407
        },
        "query_throughput": 2.9496530161265127
    },
    "responses": {}
}