{
    "dataset": "fetaqa",
    "benchmark_type": "content",
    "timestamp": "2024-10-07T16-05-48",
    "results": {
        "BC2_query_index": {
            "query_count": 50,
            "time": 17.254408597946167,
            "query_throughput": 2.897810128708301
        },
        "BC1_query_index": {
            "query_count": 50,
            "time": 16.99020743370056,
            "query_throughput": 2.9428716626981006
        },
        "query_index": {
            "query_count": 100,
            "time": 34.24461603164673
        },
        "query_throughput": 2.9201670682359606
    },
    "responses": {}
}