{
    "dataset": "fetaqa",
    "benchmark_type": "content",
    "timestamp": "2024-10-12T12-02-52",
    "results": {
        "BC2_query_index": {
            "query_count": 50,
            "time": 15.263880014419556,
            "query_throughput": 3.275707091038829
        },
        "BC1_query_index": {
            "query_count": 50,
            "time": 15.23603343963623,
            "query_throughput": 3.281694031330098
        },
        "query_index": {
            "query_count": 100,
            "time": 30.499913454055786
        },
        "query_throughput": 3.2786978281311256
    },
    "responses": {}
}