{
    "dataset": "fetaqa",
    "benchmark_type": "content",
    "timestamp": "2024-10-06T03-46-26",
    "results": {
        "BC1_query_index": {
            "query_count": 50,
            "time": 28.692984342575073,
            "query_throughput": 1.7425862504587668
        },
        "BC2_query_index": {
            "query_count": 50,
            "time": 17.291714191436768,
            "query_throughput": 2.891558317842258
        },
        "query_index": {
            "query_count": 100,
            "time": 45.98469853401184
        },
        "query_throughput": 2.174636415764183
    },
    "responses": {}
}