{
    "dataset": "fetaqa",
    "benchmark_type": "content",
    "timestamp": "2024-10-14T03-05-52",
    "results": {
        "BC2_query_index": {
            "query_count": 50,
            "time": 22.489830255508423,
            "query_throughput": 2.2232270956226325
        },
        "BC1_query_index": {
            "query_count": 50,
            "time": 22.936039209365845,
            "query_throughput": 2.179975345507026
        },
        "query_index": {
            "query_count": 100,
            "time": 45.42586946487427
        },
        "query_throughput": 2.2013887940510504
    },
    "responses": {}
}