{
    "dataset": "fetaqa",
    "benchmark_type": "content",
    "timestamp": "2024-10-07T16-04-06",
    "results": {
        "BC2_query_index": {
            "query_count": 50,
            "time": 17.225239276885986,
            "query_throughput": 2.902717297349445
        },
        "BC1_query_index": {
            "query_count": 50,
            "time": 17.04502272605896,
            "query_throughput": 2.933407646535927
        },
        "query_index": {
            "query_count": 100,
            "time": 34.270262002944946
        },
        "query_throughput": 2.9179817764861764
    },
    "responses": {}
}