{
    "dataset": "fetaqa",
    "benchmark_type": "content",
    "timestamp": "2024-10-14T04-10-30",
    "results": {
        "BC2_query_index": {
            "query_count": 50,
            "time": 21.307708501815796,
            "query_throughput": 2.3465686136892248
        },
        "BC1_query_index": {
            "query_count": 50,
            "time": 21.080514907836914,
            "query_throughput": 2.371858572648619
        },
        "query_index": {
            "query_count": 100,
            "time": 42.38822340965271
        },
        "query_throughput": 2.359145818251676
    },
    "responses": {}
}