{
    "dataset": "fetaqa",
    "benchmark_type": "content",
    "timestamp": "2024-10-12T12-00-41",
    "results": {
        "BC2_query_index": {
            "query_count": 50,
            "time": 15.312333583831787,
            "query_throughput": 3.265341610164158
        },
        "BC1_query_index": {
            "query_count": 50,
            "time": 15.094275712966919,
            "query_throughput": 3.31251402523719
        },
        "query_index": {
            "query_count": 100,
            "time": 30.406609296798706
        },
        "query_throughput": 3.2887586716394677
    },
    "responses": {}
}