{
    "dataset": "fetaqa",
    "benchmark_type": "content",
    "timestamp": "2024-10-06T03-40-28",
    "results": {
        "BC1_query_index": {
            "query_count": 50,
            "time": 29.116952419281006,
            "query_throughput": 1.7172126835255743
        },
        "BC2_query_index": {
            "query_count": 50,
            "time": 17.536306858062744,
            "query_throughput": 2.8512274793487253
        },
        "query_index": {
            "query_count": 100,
            "time": 46.65325927734375
        },
        "query_throughput": 2.1434729652117372
    },
    "responses": {}
}