{
    "dataset": "fetaqa",
    "benchmark_type": "content",
    "timestamp": "2024-10-07T16-10-01",
    "results": {
        "BC2_query_index": {
            "query_count": 50,
            "time": 17.053828954696655,
            "query_throughput": 2.9318928982356134
        },
        "BC1_query_index": {
            "query_count": 50,
            "time": 16.892000675201416,
            "query_throughput": 2.9599809378058652
        },
        "query_index": {
            "query_count": 100,
            "time": 33.94582962989807
        },
        "query_throughput": 2.9458699666578236
    },
    "responses": {}
}