{
    "dataset": "fetaqa",
    "benchmark_type": "content",
    "timestamp": "2024-10-06T03-47-17",
    "results": {
        "BC1_query_index": {
            "query_count": 50,
            "time": 28.67808747291565,
            "query_throughput": 1.7434914391422138
        },
        "BC2_query_index": {
            "query_count": 50,
            "time": 17.42762565612793,
            "query_throughput": 2.8690081475567455
        },
        "query_index": {
            "query_count": 100,
            "time": 46.10571312904358
        },
        "query_throughput": 2.1689286037093427
    },
    "responses": {}
}