{
    "dataset": "fetaqa",
    "benchmark_type": "content",
    "timestamp": "2024-10-12T12-06-31",
    "results": {
        "BC2_query_index": {
            "query_count": 50,
            "time": 15.2504301071167,
            "query_throughput": 3.2785960559018736
        },
        "BC1_query_index": {
            "query_count": 50,
            "time": 15.18226933479309,
            "query_throughput": 3.293315307311495
        },
        "query_index": {
            "query_count": 100,
            "time": 30.43269944190979
        },
        "query_throughput": 3.2859391980945003
    },
    "responses": {}
}