{
    "dataset": "fetaqa",
    "benchmark_type": "content",
    "timestamp": "2024-10-12T12-01-25",
    "results": {
        "BC2_query_index": {
            "query_count": 50,
            "time": 15.391958713531494,
            "query_throughput": 3.2484494618637214
        },
        "BC1_query_index": {
            "query_count": 50,
            "time": 15.193195343017578,
            "query_throughput": 3.29094695823672
        },
        "query_index": {
            "query_count": 100,
            "time": 30.585154056549072
        },
        "query_throughput": 3.2695601210675416
    },
    "responses": {}
}