{
    "dataset": "fetaqa",
    "benchmark_type": "content",
    "timestamp": "2024-10-12T12-05-03",
    "results": {
        "BC2_query_index": {
            "query_count": 50,
            "time": 15.571988344192505,
            "query_throughput": 3.210893746825032
        },
        "BC1_query_index": {
            "query_count": 50,
            "time": 15.610544919967651,
            "query_throughput": 3.202963141667422
        },
        "query_index": {
            "query_count": 100,
            "time": 31.182533264160156
        },
        "query_throughput": 3.20692354122927
    },
    "responses": {}
}