{
    "dataset": "fetaqa",
    "benchmark_type": "content",
    "timestamp": "2024-10-14T02-59-08",
    "results": {
        "BC2_query_index": {
            "query_count": 50,
            "time": 21.845531702041626,
            "query_throughput": 2.2887975757224135
        },
        "BC1_query_index": {
            "query_count": 50,
            "time": 21.98791480064392,
            "query_throughput": 2.2739764299312157
        },
        "query_index": {
            "query_count": 100,
            "time": 43.83344650268555
        },
        "query_throughput": 2.2813629312464236
    },
    "responses": {}
}